{"cameraMode":{"drawMode":0,"name":"Shaded","section":"Shading Mode"},"sceneLighting":true,"audioPlay":false,"sceneViewState":{"showFog":true,"showMaterialUpdate":false,"showSkybox":true,"showFlares":true,"showImageEffects":true,"showParticleSystems":true},"in2DMode":false,"pivot":{"x":-0.49699997901916506,"y":0.2029999941587448,"z":0.47699999809265139},"rotation":{"x":-0.28555232286453249,"y":-0.10268039256334305,"z":0.030787212774157525,"w":-0.952349066734314},"size":1.817003846168518,"orthographic":true}